,Utility ID,Utility Name,Plant Code,Plant Name,State,County,Generator ID,Prime Mover,Status,Nameplate Capacity (MW),Summer Capacity (MW),Winter Capacity (MW),Unit Code,Operating Month,Operating Year,Energy Source 1,Energy Source 2,Energy Source 3,Energy Source 4,Energy Source 5,Energy Source 6,Multiple Fuels,Deliver Power to Transmission Grid,Synchronized to Transmission Grid,Ownership,Turbines,Cogenerator,Sector Name,Sector,Topping or Bottoming,Duct Burners,Planned Modifications,Planned Uprates Net Summer Capacity,Planned Uprates Net Winter Capacity,Planned Uprate Month,Planned Uprate Year,Planned Derates Net Summer Capacity,Planned Derates Net Winter Capacity,Planned Derates Month,Planned Derates Year,Planned New Prime Mover,Planned Energy Source 1,Planned Repower Month,Planned Repower Year,Other Modifications,Other Modifications Month,Other Modifications Year,Planned Retirement Month,Planned Retirement Year,Solid Fuel Gasification System,Pulverized Coal Technology,Fluidized Bed Technology,Subcritical Technology,Supercritical Technology,Ultrasupercritical Technology,Carbon Capture Technology,Startup Source 1,Startup Source 2,Startup Source 3,Startup Source 4,Transmission or Distribution System Owner,Primary Purpose (NAICS Code),Latitude,Longitude
142,195,Alabama Power Co,6001,Joseph M Farley,AL,Houston,1,ST,OP,888.2,874.0,874.0,,12,1977,NUC,,,,,,N,Y,,S,,N,Electric Utility,1,,N,N,,,,,,,,,,,,,,,,,,,,,,,,,,,,,Alabama Power Co,22,31.2231,-85.1116
143,195,Alabama Power Co,6001,Joseph M Farley,AL,Houston,2,ST,OP,888.2,860.0,860.0,,7,1981,NUC,,,,,,N,Y,,S,,N,Electric Utility,1,,N,N,,,,,,,,,,,,,,,,,,,,,,,,,,,,,Alabama Power Co,22,31.2231,-85.1116
678,803,Arizona Public Service Co,6008,Palo Verde,AZ,Maricopa,1,ST,OP,"1,403.1","1,311.0","1,311.0",,1,1986,NUC,,,,,,N,Y,,J,,N,Electric Utility,1,,N,N,,,,,,,,,,,,,,,,,,N,,,,,,,NUC,,,,Salt River Project,22,33.3881,-112.8617
679,803,Arizona Public Service Co,6008,Palo Verde,AZ,Maricopa,2,ST,OP,"1,403.1","1,314.0","1,314.0",,9,1986,NUC,,,,,,N,Y,,J,,N,Electric Utility,1,,N,N,,,,,,,,,,,,,,,,,,N,,,,,,,NUC,,,,Salt River Project,22,33.3881,-112.8617
680,803,Arizona Public Service Co,6008,Palo Verde,AZ,Maricopa,3,ST,OP,"1,403.1","1,312.0","1,312.0",,1,1988,NUC,,,,,,N,Y,,J,,N,Electric Utility,1,,N,N,,,,,,,,,,,,,,,,,,N,,,,,,,NUC,,,,Salt River Project,22,33.3881,-112.8617
757,814,Entergy Arkansas Inc,8055,Arkansas Nuclear One,AR,Pope,1,ST,OP,902.5,836.0,851.0,,12,1974,NUC,,,,,,N,Y,,S,,N,Electric Utility,1,,N,N,,,,,,,,,,,,,,,,,,,,,,,,,DFO,,,,Entergy Arkansas Inc,22,35.311,-93.2351
758,814,Entergy Arkansas Inc,8055,Arkansas Nuclear One,AR,Pope,2,ST,OP,942.5,992.0,"1,005.0",,3,1980,NUC,,,,,,N,Y,,S,,N,Electric Utility,1,,N,N,,,,,,,,,,,,,,,,,,,,,,,,,,,,,Entergy Arkansas Inc,22,35.311,-93.2351
1547,2876,Calvert Cliffs Nuclear PP LLC,6011,Calvert Cliffs Nuclear Power Plant,MD,Calvert,1,ST,OP,918.0,866.0,872.0,,5,1975,NUC,,,,,,N,Y,,S,,N,IPP Non-CHP,2,,N,N,,,,,,,,,,,,,,,,,,N,,,,,,,,,,,Baltimore Gas & Electric Co,22,38.4344,-76.4417
1548,2876,Calvert Cliffs Nuclear PP LLC,6011,Calvert Cliffs Nuclear Power Plant,MD,Calvert,2,ST,OP,910.7,850.0,862.0,,4,1977,NUC,,,,,,N,Y,,S,,N,IPP Non-CHP,2,,N,N,,,,,,,,,,,,,,,,,,N,,,,,,,,,,,Baltimore Gas & Electric Co,22,38.4344,-76.4417
1659,3046,Progress Energy Carolinas Inc,3251,H B Robinson,SC,Darlington,2,ST,OP,768.6,741.0,797.0,,3,1971,NUC,,,,,,N,Y,Y,S,,N,Electric Utility,1,,N,,,,,,,,,,,,,,,,,,,N,,,,,,,DFO,,,,Progress Energy Carolinas Inc,22,34.4017,-80.1589
1661,3046,Progress Energy Carolinas Inc,6014,Brunswick,NC,Brunswick,1,ST,OP,"1,001.6",938.0,975.0,,3,1977,NUC,,,,,,N,Y,Y,J,,N,Electric Utility,1,,N,N,,,,,,,,,,,,,,,,,,N,,,,,,,DFO,,,,Progress Energy Carolinas Inc,22,33.9597,-78.0114
1662,3046,Progress Energy Carolinas Inc,6014,Brunswick,NC,Brunswick,2,ST,OP,"1,001.6",932.0,953.0,,11,1975,NUC,,,,,,N,Y,Y,J,,N,Electric Utility,1,,N,N,,,,,,,,,,,,,,,,,,,,,,,,,DFO,,,,Progress Energy Carolinas Inc,22,33.9597,-78.0114
1663,3046,Progress Energy Carolinas Inc,6015,Harris,NC,Wake,1,ST,OP,950.9,928.0,973.0,,5,1987,NUC,,,,,,N,Y,Y,J,,N,Electric Utility,1,,N,N,,,,,,,,,,,,,,,,,,,,,,,,,DFO,,,,Progress Energy Carolinas Inc,22,35.6334,-78.9556
2762,5109,The DTE Electric Company,1729,Fermi,MI,Monroe,2,ST,OP,"1,217.0","1,085.0","1,120.0",,1,1988,NUC,,,,,,N,Y,,S,,N,Electric Utility,1,,N,N,,,,,,,,,,,,,,,,,,N,,,,,,,,,,,ITC Transmission,22,41.9631,-83.2581
2899,5221,Dominion Nuclear Conn Inc,566,Millstone,CT,New London,2,ST,OP,909.9,869.1,879.3,,12,1975,NUC,,,,,,N,Y,,S,,N,IPP Non-CHP,2,,N,N,,,,,,,,,,,,,,,,,,,,,,,,,,,,,Northeast Utilities,22,41.3107,-72.1677
2900,5221,Dominion Nuclear Conn Inc,566,Millstone,CT,New London,3,ST,OP,"1,253.0","1,233.4","1,237.2",,4,1986,NUC,,,,,,N,Y,,J,,N,IPP Non-CHP,2,,N,N,,,,,,,,,,,,,N,,,,,,,,,,,,,,,,Northeast Utilities,22,41.3107,-72.1677
3086,5416,"Duke Energy Carolinas, LLC",3265,Oconee,SC,Oconee,1,ST,OP,886.7,846.0,865.0,,7,1973,NUC,,,,,,N,Y,,S,,N,Electric Utility,1,,N,N,,,,,,,,,,,,,,,,,,N,,,,,,,,,,,"Duke Energy Carolinas, LLC",22,34.7939,-82.8986
3087,5416,"Duke Energy Carolinas, LLC",3265,Oconee,SC,Oconee,2,ST,OP,886.7,846.0,865.0,,9,1974,NUC,,,,,,N,Y,,S,,N,Electric Utility,1,,N,N,,,,,,,,,,,,,,,,,,N,,,,,,,,,,,"Duke Energy Carolinas, LLC",22,34.7939,-82.8986
3088,5416,"Duke Energy Carolinas, LLC",3265,Oconee,SC,Oconee,3,ST,OP,893.3,846.0,865.0,,12,1974,NUC,,,,,,N,Y,,S,,N,Electric Utility,1,,N,N,,,,,,,,,,,,,,,,,,N,,,,,,,,,,,"Duke Energy Carolinas, LLC",22,34.7939,-82.8986
3112,5416,"Duke Energy Carolinas, LLC",6036,Catawba,SC,York,1,ST,OP,"1,205.1","1,129.0","1,163.0",,6,1985,NUC,,,,,,N,Y,,J,,N,Electric Utility,1,,N,N,,,,,,,,,,,,,,,,,,N,,,,,,,,,,,"Duke Energy Carolinas, LLC",22,35.0514,-81.0694
3113,5416,"Duke Energy Carolinas, LLC",6036,Catawba,SC,York,2,ST,OP,"1,205.1","1,129.0","1,163.0",,8,1986,NUC,,,,,,N,Y,,J,,N,Electric Utility,1,,N,N,,,,,,,,,,,,,,,,,,N,,,,,,,,,,,"Duke Energy Carolinas, LLC",22,35.0514,-81.0694
3114,5416,"Duke Energy Carolinas, LLC",6038,McGuire,NC,Mecklenburg,1,ST,OP,"1,220.3","1,100.0","1,156.0",,9,1981,NUC,,,,,,N,Y,,S,,N,Electric Utility,1,,N,Y,29.0,10.0,1.0,2013.0,,,,,,,,,,,,,,N,,,,,,,,,,,"Duke Energy Carolinas, LLC",22,35.4331,-80.9486
3115,5416,"Duke Energy Carolinas, LLC",6038,McGuire,NC,Mecklenburg,2,ST,OP,"1,220.3","1,100.0","1,156.0",,3,1984,NUC,,,,,,N,Y,,S,,N,Electric Utility,1,,N,Y,29.0,14.0,1.0,2013.0,,,,,,,,,,,,,,N,,,,,,,,,,,"Duke Energy Carolinas, LLC",22,35.4331,-80.9486
3576,5943,Entergy Nuc Fitzpatrick LLC,6110,James A Fitzpatrick,NY,Oswego,1,ST,OP,882.0,848.4,848.2,,8,1976,NUC,,,,,,N,Y,,S,,N,IPP Non-CHP,2,,N,N,,,,,,,,,,,,,,,,,,N,,,,,,,,,,,New York Power Authority,22,43.521390000000004,-76.408394
3577,5956,Entergy Nuclear Vermont Yankee,3751,Vermont Yankee,VT,Windham,1,ST,OP,563.4,604.3,598.0,,11,1972,NUC,,,,,,N,Y,,S,,N,IPP Non-CHP,2,,N,N,,,,,,,,,,,,,,,,12.0,2014.0,N,,,,,,,,,,,"Vermont Electric Power Co, Inc",22,42.7786,-72.5133
3610,6027,Entergy Nuclear Indian Point 2,2497,Indian Point 2,NY,Westchester,2,ST,OP,"1,299.0","1,020.4","1,031.3",,8,1973,NUC,,,,,,N,Y,,S,,N,IPP Non-CHP,2,,N,N,,,,,,,,,,,,,,,,,,N,,,,,,,,,,,Consolidated Edison Co-NY Inc,22,41.270556,-73.9527
3611,6028,Entergy Nuclear Indian Point 3,8907,Indian Point 3,NY,West Chester,3,ST,OP,"1,012.0","1,040.5","1,044.3",,8,1976,NUC,,,,,,N,Y,,S,,N,IPP Non-CHP,2,,N,N,,,,,,,,,,,,,,,,,,N,,,,,,,,,,,Consolidated Edison Co-NY Inc,22,41.2706,-73.9526
3903,6452,Florida Power & Light Co,621,Turkey Point,FL,Miami-Dade,3,ST,OP,877.2,802.0,826.0,,12,1972,NUC,,,,,,N,Y,Y,S,,N,Electric Utility,1,,N,,,,,,,,,,,,,,,,,,,N,,,,,,,,,,,Florida Power & Light Co,22,25.4356,-80.3308
3904,6452,Florida Power & Light Co,621,Turkey Point,FL,Miami-Dade,4,ST,OP,877.2,693.0,717.0,,9,1973,NUC,,,,,,N,Y,Y,S,,N,Electric Utility,1,,N,Y,109.0,109.0,3.0,2013.0,,,,,,,,,,,,,,N,,,,,,,,,,,Florida Power & Light Co,22,25.4356,-80.3308
3937,6452,Florida Power & Light Co,6045,St Lucie,FL,St Lucie,1,ST,OP,"1,080.0",981.0,"1,003.0",,5,1976,NUC,,,,,,N,Y,Y,S,,N,Electric Utility,1,,N,N,,,,,,,,,,,,,,,,,,N,,,,,,,,,,,Florida Power & Light Co,22,27.348611,-80.24638900000001
3938,6452,Florida Power & Light Co,6045,St Lucie,FL,St Lucie,2,ST,OP,"1,080.0",839.0,853.0,,6,1983,NUC,,,,,,N,Y,Y,J,,N,Electric Utility,1,,N,Y,148.0,157.0,4.0,2013.0,,,,,,,,,,,,,,N,,,,,,,,,,,Florida Power & Light Co,22,27.348611,-80.24638900000001
3967,6455,"Duke Energy Florida, Inc",628,Crystal River,FL,Citrus,3,ST,OS,890.4,860.0,877.0,,3,1977,NUC,,,,,,N,Y,,J,,N,Electric Utility,1,,,Y,,,,,,,,,,,,,,,,3.0,2013.0,N,,,,,,,,,,,Progress Energy Florida Inc,22,28.9656,-82.6977
4235,6854,NextEra Energy Seabrook LLC,6115,Seabrook,NH,Rockingham,1,ST,OP,"1,242.0","1,246.2","1,246.7",,8,1990,NUC,,,,,,N,Y,,J,,N,IPP Non-CHP,2,,N,N,,,,,,,,,,,,,,,,,,N,,,,,,,,,,,Public Service Co of NH,22,42.899167,-70.848889
4350,7140,Georgia Power Co,649,Vogtle,GA,Burke,1,ST,OP,"1,160.0","1,150.0","1,150.0",,5,1987,NUC,,,,,,N,Y,,J,,N,Electric Utility,1,,N,N,,,,,,,,,,,,,N,,,,,N,,,,,,,,,,,Georgia Power Co,22,33.1427,-81.7625
4351,7140,Georgia Power Co,649,Vogtle,GA,Burke,2,ST,OP,"1,160.0","1,152.0","1,152.0",,5,1989,NUC,,,,,,N,Y,,J,,N,Electric Utility,1,,N,N,,,,,,,,,,,,,N,,,,,N,,,,,,,,,,,Georgia Power Co,22,33.1427,-81.7625
4465,7140,Georgia Power Co,6051,Edwin I Hatch,GA,Appling,1,ST,OP,857.1,876.0,876.0,,12,1975,NUC,,,,,,N,Y,,J,,N,Electric Utility,1,,N,N,,,,,,,,,,,,,,,,,,N,,,,,,,,,,,Georgia Power Co,22,31.9342,-82.3447
4466,7140,Georgia Power Co,6051,Edwin I Hatch,GA,Appling,2,ST,OP,864.7,883.0,883.0,,9,1979,NUC,,,,,,N,Y,,J,,N,Electric Utility,1,,N,N,,,,,,,,,,,,,,,,,,N,,,,,,,,,,,Georgia Power Co,22,31.9342,-82.3447
5535,9324,Indiana Michigan Power Co,6000,Donald C Cook,MI,Berrien,1,ST,OP,"1,152.0","1,009.0","1,084.0",,8,1975,NUC,,,,,,N,Y,,S,,N,Electric Utility,1,,N,N,,,,,,,,,,,,,,,,,,N,,,,,,,,,,,Indiana Michigan Power Co,22,41.975604,-86.565206
5536,9324,Indiana Michigan Power Co,6000,Donald C Cook,MI,Berrien,2,ST,OP,"1,133.3","1,060.0","1,107.0",,7,1978,NUC,,,,,,N,Y,,S,,N,Electric Utility,1,,N,N,,,,,,,,,,,,,,,,,,N,,,,,,,,,,,Indiana Michigan Power Co,22,41.975604,-86.565206
6403,11241,Entergy Louisiana Inc,4270,Waterford 3,LA,St Charles,3,ST,OP,"1,199.8","1,159.0","1,180.0",,9,1985,NUC,,,,,,N,Y,,S,,N,Electric Utility,1,,N,N,,,,,,,,,,,,,,,,,,N,,,,,,,,,,,Entergy Louisiana Inc,22,29.995267,-90.471581
7087,12465,"System Energy Resources, Inc",6072,Grand Gulf,MS,Claiborne,1,ST,OP,"1,440.0","1,190.0","1,463.0",,7,1985,NUC,,,,,,N,Y,,J,,N,Electric Utility,1,,N,Y,229.0,,5.0,2013.0,,,,,,,,,,,,,,N,,,,,,,,,,,Entergy Mississippi Inc,22,32.0081,-91.0478
7509,13337,Nebraska Public Power District,8036,Cooper,NE,Nemaha,1,ST,OP,801.0,766.0,766.0,,3,1974,NUC,,,,,,N,Y,,S,,N,Electric Utility,1,,N,N,,,,,,,,,,,,,N,,,,,N,,,,,,,,,,,Nebraska Public Power District,22,40.3628,-95.6408
7675,13606,Nine Mile Point Nuclear Sta LLC,2589,Nine Mile Point Nuclear Station,NY,Oswego,1,ST,OP,641.8,629.7,630.0,,12,1969,NUC,,,,,,N,Y,,S,,N,IPP Non-CHP,2,,N,N,,,,,,,,,,,,,,,,,,N,,,,,,,,,,,National Grid,22,43.5211,-76.41
7676,13606,Nine Mile Point Nuclear Sta LLC,2589,Nine Mile Point Nuclear Station,NY,Oswego,2,ST,OP,"1,259.3","1,143.5","1,155.0",,7,1987,NUC,,,,,,N,Y,,J,,N,IPP Non-CHP,2,,N,N,,,,,,,,,,,,,,,,,,N,,,,,,,,,,,National Grid,22,43.5211,-76.41
7818,13781,Northern States Power Co - Minnesota,1922,Monticello,MN,Wright,1,ST,OP,685.0,554.0,581.0,,6,1971,NUC,,,,,,N,Y,,S,,N,Electric Utility,1,,,Y,60.0,60.0,8.0,2013.0,,,,,,,,,N,,,,,N,,,,,,,,,,,Northern States Power Co,22,45.3338,-93.8493
7819,13781,Northern States Power Co - Minnesota,1925,Prairie Island,MN,Goodhue,1,ST,OP,593.1,521.0,546.0,,2,1974,NUC,,,,,,N,Y,,S,,N,Electric Utility,1,,,N,,,,,,,,,,,,,N,,,,,N,,,,,,,,,,,Northern States Power Co,22,44.622,-92.6333
7820,13781,Northern States Power Co - Minnesota,1925,Prairie Island,MN,Goodhue,2,ST,OP,593.1,519.0,546.0,,10,1974,NUC,,,,,,N,Y,,S,,N,Electric Utility,1,,,N,,,,,,,,,,,,,N,,,,,N,,,,,,,,,,,Northern States Power Co,22,44.622,-92.6333
8166,14127,Omaha Public Power District,2289,Fort Calhoun,NE,Washington,1,ST,OA,502.0,478.6,478.6,,9,1973,NUC,,,,,,N,Y,,S,,N,Electric Utility,1,,,Y,75.0,79.0,1.0,2017.0,,,,,,,,,N,,,,,,,,,,,,,,,,Omaha Public Power District,22,41.520522,-96.077511
8321,14266,PPL Susquehanna LLC,6103,PPL Susquehanna,PA,Luzerne,1,ST,OP,"1,298.0","1,260.0","1,310.0",,6,1983,NUC,,,,,,N,Y,,J,,N,IPP Non-CHP,2,,,N,,,,,,,,,,,,,N,,,,,,,,,,,,,,,,PPL Electric Utilities Corp,22,41.0919,-76.1462
8322,14266,PPL Susquehanna LLC,6103,PPL Susquehanna,PA,Luzerne,2,ST,OP,"1,298.0","1,260.0","1,310.0",,2,1985,NUC,,,,,,N,Y,,J,,N,IPP Non-CHP,2,,,,,,,,,,,,,,,,N,,,,,,,,,,,,,,,,PPL Electric Utilities Corp,22,41.0919,-76.1462
8484,14328,Pacific Gas & Electric Co,6099,Diablo Canyon,CA,San Luis Obispo,1,ST,OP,"1,159.0","1,122.0","1,122.0",,5,1985,NUC,,,,,,N,Y,,S,,N,Electric Utility,1,,N,N,,,,,,,,,,,,,,,,,,N,,,,,,,,,,,Pacific Gas & Electric Co,22,35.211535999999995,-120.85554199999999
8485,14328,Pacific Gas & Electric Co,6099,Diablo Canyon,CA,San Luis Obispo,2,ST,OP,"1,164.0","1,118.0","1,118.0",,3,1986,NUC,,,,,,N,Y,,S,,N,Electric Utility,1,,N,N,,,,,,,,,,,,,,,,,,N,,,,,,,,,,,Pacific Gas & Electric Co,22,35.211535999999995,-120.85554199999999
9582,15478,PSEG Nuclear LLC,2410,PSEG Salem Generating Station,NJ,Salem,1,ST,OP,"1,170.0","1,167.9","1,194.2",,6,1977,NUC,,,,,,N,Y,,J,,N,IPP Non-CHP,2,,,N,,,,,,,,,,,,,,,,,,N,,,,,,,,,,,Public Service Elec & Gas Co,22,39.4625,-75.5358
9583,15478,PSEG Nuclear LLC,2410,PSEG Salem Generating Station,NJ,Salem,2,ST,OP,"1,170.0","1,158.1","1,193.6",,10,1981,NUC,,,,,,N,Y,,J,,N,IPP Non-CHP,2,,,N,,,,,,,,,,,,,,,,,,N,,,,,,,,,,,Public Service Elec & Gas Co,22,39.4625,-75.5358
9585,15478,PSEG Nuclear LLC,6118,PSEG Hope Creek Generating Station,NJ,Salem,1,ST,OP,"1,290.7","1,174.0","1,239.9",,12,1986,NUC,,,,,,N,Y,,S,,N,IPP Non-CHP,2,,,N,,,,,,,,,,,,,,,,,,N,,,,,,,,,,,Public Service Elec & Gas Co,22,39.4666,-75.5377
10479,17539,South Carolina Electric&Gas Co,6127,V C Summer,SC,Fairfield,1,ST,OP,"1,029.6",971.0,992.0,,1,1984,NUC,,,,,,N,Y,,J,,N,Electric Utility,1,,,N,,,,,,,,,,,,,,,,,,N,,,,,,,,,,,South Carolina Electric & Gas Co,22,34.2983,-81.3153
10686,17609,Southern California Edison Co,360,San Onofre Nuclear Generating Station,CA,San Diego,2,ST,OP,"1,127.0","1,070.0","1,070.0",,8,1983,NUC,,,,,,N,Y,,J,,N,Electric Utility,1,,N,N,,,,,,,,,,,,,N,,,6.0,2013.0,N,,,,,,,,,,,Southern California Edison Co,22,33.368794,-117.55491599999999
10687,17609,Southern California Edison Co,360,San Onofre Nuclear Generating Station,CA,San Diego,3,ST,OP,"1,127.0","1,080.0","1,080.0",,4,1984,NUC,,,,,,N,Y,,J,,N,Electric Utility,1,,N,N,,,,,,,,,,,,,,,,6.0,2013.0,N,,,,,,,,,,,Southern California Edison Co,22,33.368794,-117.55491599999999
11299,18642,Tennessee Valley Authority,46,Browns Ferry,AL,Limestone,1,ST,OP,"1,152.0","1,100.8","1,131.7",,8,1974,NUC,,,,,,N,Y,,S,,N,Electric Utility,1,,,N,,,,,,,,,,,,,N,,,,,N,,,,,,,,,,,Tennessee Valley Authority,22,34.7042,-87.1189
11300,18642,Tennessee Valley Authority,46,Browns Ferry,AL,Limestone,2,ST,OP,"1,152.0","1,103.7","1,135.2",,3,1975,NUC,,,,,,N,Y,,S,,N,Electric Utility,1,,,N,,,,,,,,,,,,,,,,,,N,,,,,,,,,,,Tennessee Valley Authority,22,34.7042,-87.1189
11301,18642,Tennessee Valley Authority,46,Browns Ferry,AL,Limestone,3,ST,OP,"1,190.0","1,104.9","1,134.2",,3,1977,NUC,,,,,,N,Y,,S,,N,Electric Utility,1,,,N,,,,,,,,,,,,,,,,,,N,,,,,,,,,,,Tennessee Valley Authority,22,34.7042,-87.1189
11516,18642,Tennessee Valley Authority,6152,Sequoyah,TN,Hamilton,1,ST,OP,"1,220.5","1,152.0","1,177.4",,7,1981,NUC,,,,,,N,Y,,S,,N,Electric Utility,1,,,N,,,,,,,,,,,,,,,,,,,,,,,,,,,,,Tennessee Valley Authority,22,35.2267,-85.0917
11517,18642,Tennessee Valley Authority,6152,Sequoyah,TN,Hamilton,2,ST,OP,"1,220.5","1,125.7","1,155.1",,6,1982,NUC,,,,,,N,Y,,S,,N,Electric Utility,1,,,N,,,,,,,,,,,,,,,,,,,,,,,,,,,,,Tennessee Valley Authority,22,35.2267,-85.0917
11544,18642,Tennessee Valley Authority,7722,Watts Bar Nuclear Plant,TN,Rhea,1,ST,OP,"1,269.9","1,123.0","1,179.0",,5,1996,NUC,,,,,,N,Y,,S,,N,Electric Utility,1,,,N,,,,,,,,,,,,,,,,,,N,,,,,,,,,,,Tennessee Valley Authority,22,35.6021,-84.7895
12063,19436,Union Electric Co - (MO),6153,Callaway,MO,Callaway,1,ST,OP,"1,235.8","1,190.0","1,240.0",,12,1984,NUC,,,,,,N,Y,,S,,N,Electric Utility,1,,,N,,,,,,,,,,,,,,,,,,N,,,,,,,,,,,Union Electric Co,22,38.758919,-91.778841
12505,19876,Virginia Electric & Power Co,3806,Surry,VA,Surry,1,ST,OP,847.5,838.0,875.0,,12,1972,NUC,,,,,,N,Y,,S,,N,Electric Utility,1,,N,N,,,,,,,,,,,,,N,,,,,N,,,,,,,,,,,Virginia Electric & Power Co,22,37.1661,-76.6986
12506,19876,Virginia Electric & Power Co,3806,Surry,VA,Surry,2,ST,OP,847.5,838.0,875.0,,5,1973,NUC,,,,,,N,Y,,S,,N,Electric Utility,1,,N,N,,,,,,,,,,,,,N,,,,,N,,,,,,,,,,,Virginia Electric & Power Co,22,37.1661,-76.6986
12520,19876,Virginia Electric & Power Co,6168,North Anna,VA,Louisa,1,ST,OP,979.7,943.0,975.0,,6,1978,NUC,,,,,,N,Y,,J,,N,Electric Utility,1,,N,N,,,,,,,,,,,,,N,,,,,,,,,,,,,,,,Virginia Electric & Power Co,22,38.06,-77.7897
12521,19876,Virginia Electric & Power Co,6168,North Anna,VA,Louisa,2,ST,OP,979.7,943.0,975.0,,12,1980,NUC,,,,,,N,Y,,J,,N,Electric Utility,1,,N,N,,,,,,,,,,,,,N,,,,,,,,,,,,,,,,Virginia Electric & Power Co,22,38.06,-77.7897
12614,20160,Energy Northwest,371,Columbia Generating Station,WA,Benton,2,ST,OP,"1,200.0","1,132.0","1,144.0",,12,1984,NUC,,,,,,N,Y,,S,,N,Electric Utility,1,,N,N,,,,,,,,,,,,,,,,,,N,,,,,,,,,,,Bonneville Power Admin,22,46.4711,-119.3339
13061,20893,Wolf Creek Nuclear Optg Corp,210,Wolf Creek Generating Station,KS,Coffey,1,ST,OP,"1,267.7","1,175.0","1,205.0",,9,1985,NUC,,,,,,N,Y,,J,,N,Electric Utility,1,,N,N,,,,,,,,,,,,,,,,,,,,,,,,,,,,,Kansas Gas & Electric Co,22,38.239259999999994,-95.68978
13197,21535,STP Nuclear Operating Co,6251,South Texas Project,TX,Matagorda,1,ST,OP,"1,354.3","1,280.0","1,280.0",,8,1988,NUC,,,,,,N,Y,,J,,N,IPP Non-CHP,2,,N,N,,,,,,,,,,,,,,,,,,,,,,,,,,,,,Austin Energy,22,28.795,-96.0481
13198,21535,STP Nuclear Operating Co,6251,South Texas Project,TX,Matagorda,2,ST,OP,"1,354.3","1,280.0","1,280.0",,6,1989,NUC,,,,,,N,Y,,J,,N,IPP Non-CHP,2,,N,N,,,,,,,,,,,,,,,,,,,,,,,,,,,,,Austin Energy,22,28.795,-96.0481
13779,29926,Entergy Nuclear Generation Co,1590,Pilgrim Nuclear Power Station,MA,Plymouth,1,ST,OP,670.0,677.3,683.4,,12,1972,NUC,,,,,,N,Y,,S,,N,IPP Non-CHP,2,,N,N,,,,,,,,,,,,,,,,,,N,,,,,,,,,,,Boston Edison Co,22,41.9438,-70.578
14786,50100,"R.E. Ginna Nuclear Power Plant, LLC",6122,R E Ginna Nuclear Power Plant,NY,Wayne,1,ST,OP,614.0,580.8,582.1,,7,1970,NUC,,,,,,N,Y,,S,,N,IPP Non-CHP,2,,,Y,,,,,,,,,,,,,N,,,,,N,,,,,,,,,,,Rochester Gas & Electric Corporation,22,43.2777,-77.3099
14889,50161,FirstEnergy Nuclear Operating Company,6020,Perry,OH,Lake,1,ST,OP,"1,311.6","1,240.0","1,268.0",,11,1987,NUC,,,,,,N,Y,,W,,N,IPP Non-CHP,2,,N,Y,16.0,16.0,5.0,2013.0,,,,,,,,,N,,,,,N,,,,,,,,,,,Cleveland Electric Illum Co,22,41.8006,-81.1439
14890,50161,FirstEnergy Nuclear Operating Company,6040,Beaver Valley,PA,Beaver,1,ST,OP,923.4,892.0,911.0,,9,1976,NUC,,,,,,N,Y,,W,,N,IPP Non-CHP,2,,N,Y,29.0,29.0,12.0,2013.0,,,,,,,,,N,,,,,N,,,,,,,,,,,Duquesne Light Co,22,40.6219,-80.4336
14891,50161,FirstEnergy Nuclear Operating Company,6040,Beaver Valley,PA,Beaver,2,ST,OP,923.4,914.0,933.0,,11,1987,NUC,,,,,,N,Y,,W,,N,IPP Non-CHP,2,,N,N,29.0,29.0,,,,,,,,,,,,,,,,N,,,,,,,,,,,Duquesne Light Co,22,40.6219,-80.4336
14892,50161,FirstEnergy Nuclear Operating Company,6149,Davis Besse,OH,Ottawa,1,ST,OP,925.2,894.0,908.0,,11,1977,NUC,,,,,,N,Y,,W,,N,IPP Non-CHP,2,,N,N,,,,,,,,,,,,,N,,,,,N,,,,,,,,,,,The Toledo Edison Co,22,41.5967,-83.0861
14983,54718,Dominion Energy Kewaunee Inc.,8024,Kewaunee,WI,Kewaunee,1,ST,OP,560.1,566.0,574.0,,6,1974,NUC,,,,,,N,Y,,S,,N,IPP Non-CHP,2,,N,Y,,,,,,,,,,,,,,,,5.0,2013.0,N,,,,,,,,,,,American Transmission Co,22,44.3422,-87.5358
15587,55269,NextEra Energy Duane Arnold LLC,1060,Duane Arnold Energy Center,IA,Linn,1,ST,OP,679.5,601.4,622.1,,2,1975,NUC,,,,,,N,Y,,J,,N,IPP Non-CHP,2,,N,N,,,,,,,,,,,,,N,,,,,N,,,,,,,,,,,ITC Midwest LLC,22,42.1011,-91.7781
15988,55906,NextEra Energy Point Beach LLC,4046,Point Beach Nuclear Plant,WI,Manitowoc,1,ST,OP,643.0,591.0,598.0,,12,1970,NUC,,,,,,N,Y,,S,,N,IPP Non-CHP,2,,N,,,,,,,,,,,,,,,,,,,N,,,,,,,,,,,American Transmission Co,22,44.2806,-87.5369
15989,55906,NextEra Energy Point Beach LLC,4046,Point Beach Nuclear Plant,WI,Manitowoc,2,ST,OP,643.0,591.0,601.0,,10,1972,NUC,,,,,,N,Y,,S,,N,IPP Non-CHP,2,,N,,,,,,,,,,,,,,,,,,,N,,,,,,,,,,,American Transmission Co,22,44.2806,-87.5369
16059,55936,Entergy Gulf States - LA LLC,6462,River Bend,LA,West Feliciana,1,ST,OP,"1,035.9",975.0,979.0,,6,1986,NUC,,,,,,N,Y,,S,,N,Electric Utility,1,,N,N,,,,,,,,,,,,,,,,,,N,,,,,,,,,,,Entergy Louisiana Inc,22,30.757,-91.3327
16508,55951,Exelon Nuclear,204,Clinton Power Station,IL,De Witt,1,ST,OP,"1,138.3","1,065.0","1,078.0",,11,1987,NUC,,,,,,N,Y,,S,,N,IPP Non-CHP,2,,,N,,,,,,,,,,,,,,,,,,N,,,,,,,,,,,Illinois Power Co,22,40.1719,-88.8339
16509,55951,Exelon Nuclear,869,Dresden Generating Station,IL,Grundy,2,ST,OP,"1,009.3",883.0,833.0,,8,1970,NUC,,,,,,N,Y,,S,,N,IPP Non-CHP,2,,,N,,,,,,,,,,,,,N,,,,,N,,,,,,,,,,,Commonwealth Edison Co,22,41.39,-88.27
16510,55951,Exelon Nuclear,869,Dresden Generating Station,IL,Grundy,3,ST,OP,"1,009.3",867.0,867.0,,10,1971,NUC,,,,,,N,Y,,S,,N,IPP Non-CHP,2,,,N,,,,,,,,,,,,,N,,,,,N,,,,,,,,,,,Commonwealth Edison Co,22,41.39,-88.27
16511,55951,Exelon Nuclear,880,Quad Cities Generating Station,IL,Rock Island,1,ST,OP,"1,009.3",908.0,908.0,,12,1972,NUC,,,,,,N,Y,,J,,N,IPP Non-CHP,2,,,N,,,,,,,,,,,,,N,,,,,N,,,,,,,,,,,Commonwealth Edison Co,22,41.726110999999996,-90.310278
16512,55951,Exelon Nuclear,880,Quad Cities Generating Station,IL,Rock Island,2,ST,OP,"1,009.3",911.0,911.0,,12,1972,NUC,,,,,,N,Y,,J,,N,IPP Non-CHP,2,,,N,,,,,,,,,,,,,N,,,,,N,,,,,,,,,,,Commonwealth Edison Co,22,41.726110999999996,-90.310278
16513,55951,Exelon Nuclear,2388,Oyster Creek,NJ,Ocean,1,ST,OP,550.0,614.5,637.0,,12,1969,NUC,,,,,,N,Y,,S,,N,IPP Non-CHP,2,,,Y,,,,,,,,,,,,,,,,12.0,2019.0,N,,,,,,,,,,,Jersey Central Power & Lt Co,22,39.8143,-74.2062
16514,55951,Exelon Nuclear,3166,Peach Bottom,PA,York,2,ST,OP,"1,159.7","1,125.2","1,148.0",,7,1974,NUC,,,,,,N,Y,,J,,N,IPP Non-CHP,2,,,N,,,,,,,,,,,,,N,,,,,N,,,,,,,,,,,PECO Energy Co,22,39.758936,-76.268742
16515,55951,Exelon Nuclear,3166,Peach Bottom,PA,York,3,ST,OP,"1,159.7","1,125.4","1,148.0",,12,1974,NUC,,,,,,N,Y,,J,,N,IPP Non-CHP,2,,,N,,,,,,,,,,,,,N,,,,,N,,,,,,,,,,,PECO Energy Co,22,39.758936,-76.268742
16516,55951,Exelon Nuclear,6022,Braidwood Generation Station,IL,Will,1,ST,OP,"1,224.9","1,178.0","1,208.0",,7,1988,NUC,,,,,,N,Y,,S,,N,IPP Non-CHP,2,,,N,,,,,,,,,,,,,,,,,,N,,,,,,,,,,,Commonwealth Edison Co,22,41.2435,-88.2286
16517,55951,Exelon Nuclear,6022,Braidwood Generation Station,IL,Will,2,ST,OP,"1,224.9","1,152.0","1,176.0",,10,1988,NUC,,,,,,N,Y,,S,,N,IPP Non-CHP,2,,,N,,,,,,,,,,,,,,,,,,N,,,,,,,,,,,Commonwealth Edison Co,22,41.2435,-88.2286
16518,55951,Exelon Nuclear,6023,Byron Generating Station,IL,Ogle,1,ST,OP,"1,224.9","1,164.0","1,188.0",,9,1985,NUC,,,,,,N,Y,,S,,N,IPP Non-CHP,2,,,N,,,,,,,,,,,,,,,,,,N,,,,,,,,,,,Commonwealth Edison Co,22,42.0742,-89.2819
16519,55951,Exelon Nuclear,6023,Byron Generating Station,IL,Ogle,2,ST,OP,"1,224.9","1,136.0","1,158.0",,8,1987,NUC,,,,,,N,Y,,S,,N,IPP Non-CHP,2,,,N,,,,,,,,,,,,,,,,,,,,,,,,,,,,,Commonwealth Edison Co,22,42.0742,-89.2819
16520,55951,Exelon Nuclear,6026,LaSalle Generating Station,IL,La Salle,1,ST,OP,"1,170.0","1,137.0","1,152.0",,1,1984,NUC,,,,,,N,Y,,S,,N,IPP Non-CHP,2,,,N,,,,,,,,,,,,,N,,,,,N,,,,,,,,,,,Commonwealth Edison Co,22,41.245498,-88.669066
16521,55951,Exelon Nuclear,6026,LaSalle Generating Station,IL,La Salle,2,ST,OP,"1,170.0","1,140.0","1,161.0",,10,1984,NUC,,,,,,N,Y,,S,,N,IPP Non-CHP,2,,,N,,,,,,,,,,,,,N,,,,,N,,,,,,,,,,,Commonwealth Edison Co,22,41.245498,-88.669066
16522,55951,Exelon Nuclear,6105,Limerick,PA,Montgomery,1,ST,OP,"1,138.5","1,146.0","1,191.0",,2,1986,NUC,,,,,,N,Y,,S,,N,IPP Non-CHP,2,,,N,,,,,,,,,,,,,,,,,,N,,,,,,,,,,,PECO Energy Co,22,40.224303000000006,-75.58744
16523,55951,Exelon Nuclear,6105,Limerick,PA,Montgomery,2,ST,OP,"1,138.5","1,150.0","1,195.0",,1,1990,NUC,,,,,,N,Y,,S,,N,IPP Non-CHP,2,,,N,,,,,,,,,,,,,,,,,,N,,,,,,,,,,,PECO Energy Co,22,40.224303000000006,-75.58744
16524,55951,Exelon Nuclear,8011,Three Mile Island,PA,Dauphin,1,ST,OP,975.6,805.0,829.0,,8,1974,NUC,,,,,,N,Y,,S,,N,IPP Non-CHP,2,,,N,,,,,,,,,,,,,,,,,,,,,,,,,,,,,Metropolitan Edison Co,22,40.1515,-76.7232
16608,55983,Luminant Generation Company LLC,6145,Comanche Peak,TX,Somervell,1,ST,OP,"1,215.0","1,205.0","1,235.0",,8,1990,NUC,,,,,,N,Y,,W,,N,IPP Non-CHP,2,,,N,,,,,,,,,,,,,,,,,,N,,,,,,,,,,,Oncor,22,32.298365000000004,-97.785515
16609,55983,Luminant Generation Company LLC,6145,Comanche Peak,TX,Somervell,2,ST,OP,"1,215.0","1,195.0","1,225.0",,4,1993,NUC,,,,,,N,Y,,W,,N,IPP Non-CHP,2,,,N,,,,,,,,,,,,,,,,,,N,,,,,,,,,,,Oncor,22,32.298365000000004,-97.785515
16819,56192,Entergy Nuclear Palisades LLC,1715,Palisades,MI,Van Buren,1,ST,OP,811.8,782.2,812.5,,3,1972,NUC,,,,,,N,Y,,S,,N,IPP Non-CHP,2,,N,N,,,,,,,,,,,,,,,,,,,,,,,,,,,,,ITC Transmission,22,42.323,-86.3146
